<?xml version="1.0" encoding="UTF-8" standalone="no"?>
<!--
 [y] hybris Platform

 Copyright (c) 2000-2016 hybris AG
 All rights reserved.

 This software is the confidential and proprietary information of hybris
 ("Confidential Information"). You shall not disclose such Confidential
 Information and shall use it only in accordance with the terms of the
 license agreement you entered into with hybris.

--><!--
 All hybris buildcallbacks.xml macrodefinitions:
 
 Build/Documentation
 
	 before/after ant macro "clean"
		 <macrodef name="eHealthcore_before_clean"/>
		 <macrodef name="eHealthcore_after_clean"/>

	 before/after ant macro "build"
		 <macrodef name="eHealthcore_before_build"/>
		 <macrodef name="eHealthcore_after_build"/>

	 before/after ant macro "compile_core" - the core module of the extension
		 <macrodef name="eHealthcore_before_compile_core">
		 <macrodef name="eHealthcore_after_compile_core">

	 before/after ant macro "compile_web" - the web module of the extension
		 <macrodef name="eHealthcore_before_compile_web" />
		 <macrodef name="eHealthcore_after_compile_web" />

	 before/after ant macro "compile_hmc" - the hmc module of the extension
		 <macrodef name="eHealthcore_before_compile_hmc" />
		 <macrodef name="eHealthcore_after_compile_hmc" />
 
 Preparing extension
 
	 will be called in the beginning of the ant call and only once (also when using multiple 
	 ant targets e.g. ant build yunittest)
		 <macrodef name="eHealthcore_only_once_prepare"/>
 
 Creating ear module/production
 
	 before/after ant macro "ear"
		 <macrodef name="eHealthcore_before_ear"/>
		 <macrodef name="eHealthcore_after_ear"/>

	 before/after ant macro "production" - for hybris server only
		 <macrodef name="eHealthcore_before_production" />
		 <macrodef name="eHealthcore_after_production" />
 
 JUnit Test
 
	 before/after ant macro "yunitinit" 
		 <macrodef name="eHealthcore_before_yunitinit" />
		 <macrodef name="eHealthcore_after_yunitinit" />

	 before/after ant macro "yunit"
		 <macrodef name="eHealthcore_before_yunit" />
		 <macrodef name="eHealthcore_after_yunit" /> 

 Distribution package
 
 	 before/after ant macro "dist" - internal target; only for use when platform is available in source code
		 <macrodef name="eHealthcore_after_dist"/>
		 <macrodef name="eHealthcore_before_dist"/>

	 before/after ant macro "dist_copy" - internal target; only for use when platform is available in source code
		 <macrodef name="eHealthcore_before_dist_copy"/>
		 <macrodef name="eHealthcore_after_dist_copy"/>

--><project name="eHealthcore_buildcallbacks">

	<macrodef name="eHealthcore_after_build">
		<sequential>
			<impexGenerate extname="eHealthcore"/>
		</sequential>
	</macrodef>

	<macrodef name="eHealthcore_after_clean">
		<sequential>
			<delete failonerror="false" file="${ext.eHealthcore.path}/resources-lang/touch_impexgen"/>
		</sequential>
	</macrodef>
	

	<macrodef name="eHealthcore_after_dist_copy">
		<sequential>
			<copy preservelastmodified="true" todir="${destination.folder}/../installer/recipes">
				<fileset dir="${ext.eHealthcore.path}/../recipes/"/>
			</copy>
			<if>
				<istrue value="${dist.development.dist}"/>
				<then>
					<copy preservelastmodified="true" todir="${destination.develop.folder}/../installer/recipes">
						<fileset dir="${ext.eHealthcore.path}/../recipes/"/>
					</copy>
				</then>
			</if>
		</sequential>
	</macrodef>
	
	<!-- exclude impex files from localization --> 
	<patternset id="eHealthcore.localization.pattern">
		<patternset refid="localization.defaultpattern"/>
		<exclude name="**/*.impex"/>
	</patternset>
	

</project>
