<?xml version="1.0" encoding="utf-8"?><testclasses><eHealthcore><testclass>com.ehealth.core.checkout.flow.impl.SiteCheckoutFlowStrategyTest</testclass><testclass>com.ehealth.core.checkout.flow.impl.NewCustomerCheckoutFlowStrategyTest</testclass><testclass>com.ehealth.core.integration.CheckoutWithExternalTaxesIntegrationTest</testclass><testclass>com.ehealth.core.comparators.VolumeAwarePriceInformationComparatorTest</testclass><testclass>com.ehealth.core.externaltax.mock.MockCalculateExternalTaxesStrategy</testclass><testclass>com.ehealth.core.checkout.flow.impl.PickUpInStoreCheckoutFlowStrategyTest</testclass><testclass>com.ehealth.core.suggestion.DefaultSimpleSuggestionServiceIntegrationTest</testclass><testclass>com.ehealth.core.batch.task.BatchIntegrationTest</testclass><testclass>com.ehealth.core.suggestion.impl.DefaultSimpleSuggestionServiceTest</testclass></eHealthcore></testclasses>